Player_Player,Played Matches_Played Matches,Played Set_Played Set,POINTS_Tot,POINTS_BP,SERVE_Tot,SERVE_Ace,SERVE_Err.,SERVE_Ace per Set,SERVE_Effic.,RECEPTION_Tot,RECEPTION_Err.,RECEPTION_Neg.,RECEPTION_Exc.,RECEPTION_Exc. %,RECEPTION_Effic.,ATTACK_Tot,ATTACK_Err.,ATTACK_Blocked,ATTACK_Exc.,ATTACK_Exc. %,ATTACK_Effic.,BLOCK_Exc.,BLOCK_Points per Set,BLOCK,Temporada,ID_Equipo
Balaso Fabio,20,74,,,,,,,,362.0,35.0,160.0,86.0,238.0,14.0,,,,,,,,,,2025/2026,MC
Bisotto Francesco,12,29,,,,,,,,73.0,9.0,42.0,10.0,137.0,1.0,,,,,,,,,,2025/2026,MC
Boninfante Mattia,22,81,49.0,33.0,251.0,16.0,61.0,20.0,-18.0,9.0,,9.0,,,,42.0,4.0,1.0,23.0,548.0,45.0,10.0,12.0,,2025/2026,MC
Bottolo Mattia,22,78,234.0,93.0,304.0,37.0,88.0,47.0,-17.0,442.0,31.0,169.0,141.0,319.0,25.0,349.0,23.0,30.0,179.0,513.0,45.0,18.0,23.0,,2025/2026,MC
D'Heer Wout,17,47,61.0,31.0,134.0,13.0,47.0,28.0,-25.0,21.0,3.0,8.0,5.0,238.0,10.0,61.0,6.0,1.0,32.0,525.0,43.0,16.0,34.0,,2025/2026,MC
Duflos-Rossi Noa,15,31,23.0,3.0,38.0,2.0,12.0,6.0,-26.0,69.0,7.0,26.0,19.0,275.0,17.0,55.0,1.0,6.0,20.0,364.0,35.0,1.0,3.0,,2025/2026,MC
Gargiulo Giovanni Maria,21,82,161.0,59.0,320.0,8.0,30.0,10.0,-7.0,25.0,1.0,9.0,10.0,400.0,36.0,190.0,8.0,11.0,113.0,595.0,55.0,40.0,49.0,,2025/2026,MC
Hossein Khanzadeh Poriya,12,42,71.0,28.0,89.0,9.0,35.0,21.0,-29.0,64.0,5.0,31.0,11.0,172.0,9.0,117.0,7.0,8.0,58.0,496.0,44.0,4.0,10.0,,2025/2026,MC
Kukartsev Pablo,19,44,39.0,14.0,31.0,3.0,7.0,7.0,-13.0,3.0,,1.0,2.0,667.0,67.0,68.0,6.0,7.0,32.0,471.0,38.0,4.0,9.0,,2025/2026,MC
Loeppky Eric,21,75,250.0,79.0,273.0,28.0,64.0,37.0,-13.0,163.0,14.0,70.0,37.0,227.0,14.0,386.0,20.0,24.0,200.0,518.0,47.0,22.0,29.0,,2025/2026,MC
Nikolov Aleksandar,21,80,450.0,172.0,329.0,57.0,94.0,71.0,-11.0,202.0,23.0,78.0,60.0,297.0,18.0,700.0,49.0,69.0,369.0,527.0,46.0,24.0,30.0,,2025/2026,MC
Orduna Santiago,19,46,4.0,3.0,45.0,1.0,,2.0,2.0,1.0,,1.0,,,,3.0,,,1.0,333.0,33.0,2.0,4.0,,2025/2026,MC
Podrascanin Marko,10,25,23.0,13.0,57.0,,10.0,,-18.0,4.0,,1.0,3.0,750.0,75.0,28.0,,1.0,13.0,464.0,46.0,10.0,40.0,,2025/2026,MC
Tenorio Davi,11,30,30.0,12.0,83.0,8.0,25.0,27.0,-20.0,5.0,1.0,1.0,1.0,200.0,,33.0,6.0,3.0,17.0,515.0,33.0,5.0,17.0,,2025/2026,MC
Team Totals,22,85,1395.0,540.0,1954.0,182.0,473.0,214.0,-15.0,1443.0,129.0,606.0,385.0,267.0,18.0,2032.0,130.0,161.0,1057.0,520.0,46.0,156.0,184.0,,2025/2026,MC
Balaso Fabio,21,77,,,,,,,,374.0,24.0,168.0,102.0,273.0,21.0,,,,,,,,,,2024/2025,MC
Bisotto Francesco,8,14,,,,,,,,27.0,3.0,14.0,4.0,148.0,4.0,,,,,,,,,,2024/2025,MC
Boninfante Mattia,22,81,63.0,39.0,252.0,14.0,57.0,17.0,-17.0,8.0,2.0,6.0,,,-25.0,42.0,3.0,4.0,24.0,571.0,50.0,25.0,31.0,,2024/2025,MC
Bottolo Mattia,22,81,253.0,104.0,257.0,24.0,74.0,30.0,-19.0,421.0,20.0,179.0,113.0,268.0,22.0,395.0,28.0,30.0,203.0,514.0,44.0,26.0,32.0,,2024/2025,MC
Chinenyeze Barthelemy,20,70,155.0,47.0,177.0,7.0,46.0,10.0,-22.0,7.0,1.0,2.0,3.0,429.0,29.0,173.0,5.0,9.0,115.0,665.0,64.0,33.0,47.0,,2024/2025,MC
Dirlic Petar,16,38,65.0,18.0,47.0,1.0,10.0,3.0,-19.0,,,,,,,104.0,8.0,2.0,57.0,548.0,47.0,7.0,18.0,,2024/2025,MC
Gargiulo Giovanni Maria,21,64,88.0,25.0,205.0,8.0,14.0,12.0,-3.0,17.0,3.0,8.0,1.0,59.0,-12.0,100.0,8.0,7.0,64.0,640.0,56.0,16.0,25.0,,2024/2025,MC
Hossein Khanzadeh Poriya,22,53,29.0,17.0,80.0,11.0,28.0,21.0,-21.0,52.0,8.0,26.0,7.0,135.0,-2.0,37.0,3.0,7.0,15.0,405.0,32.0,3.0,6.0,,2024/2025,MC
Lagumdzija Adis,21,71,267.0,93.0,284.0,31.0,48.0,44.0,-6.0,9.0,2.0,4.0,,,-22.0,439.0,24.0,20.0,215.0,490.0,44.0,21.0,30.0,,2024/2025,MC
Loeppky Eric,21,68,163.0,56.0,197.0,13.0,51.0,19.0,-19.0,280.0,33.0,131.0,54.0,193.0,7.0,307.0,18.0,22.0,133.0,433.0,37.0,17.0,25.0,,2024/2025,MC
Nikolov Aleksandar,17,54,160.0,50.0,160.0,10.0,37.0,19.0,-17.0,197.0,19.0,99.0,46.0,234.0,14.0,298.0,28.0,30.0,141.0,473.0,38.0,9.0,17.0,,2024/2025,MC
Orduna Santiago,15,35,,,15.0,,1.0,,-7.0,2.0,,2.0,,,,,,,,,,,,,2024/2025,MC
Podrascanin Marko,17,53,92.0,41.0,152.0,7.0,18.0,13.0,-7.0,11.0,,3.0,5.0,455.0,45.0,86.0,4.0,5.0,51.0,593.0,55.0,34.0,64.0,,2024/2025,MC
Tenorio Davi,5,10,8.0,2.0,19.0,,6.0,,-32.0,2.0,,1.0,1.0,500.0,50.0,12.0,,2.0,6.0,500.0,50.0,2.0,20.0,,2024/2025,MC
Team Totals,22,81,1343.0,492.0,1845.0,126.0,390.0,156.0,-14.0,1407.0,115.0,643.0,336.0,239.0,16.0,1993.0,129.0,138.0,1024.0,514.0,45.0,193.0,238.0,,2024/2025,MC
Anzani Simone,21,74,77.0,35.0,228.0,6.0,9.0,8.0,-1.0,24.0,3.0,7.0,7.0,292.0,17.0,88.0,3.0,10.0,45.0,511.0,48.0,26.0,35.0,,2023/2024,MC
Balaso Fabio,21,81,,,,,,,,357.0,30.0,142.0,106.0,297.0,21.0,,,,,,,,,,2023/2024,MC
Bisotto Francesco,9,20,,,,,,,,24.0,3.0,13.0,3.0,125.0,,,,,,,,,,,2023/2024,MC
Bottolo Mattia,20,52,88.0,28.0,116.0,5.0,36.0,10.0,-27.0,186.0,18.0,76.0,57.0,306.0,21.0,155.0,6.0,13.0,72.0,465.0,43.0,11.0,21.0,,2023/2024,MC
Chinenyeze Barthelemy,21,78,186.0,46.0,215.0,14.0,49.0,18.0,-16.0,22.0,3.0,11.0,1.0,45.0,-9.0,211.0,5.0,15.0,144.0,682.0,66.0,28.0,36.0,,2023/2024,MC
De Cecco Luciano,22,84,29.0,16.0,302.0,5.0,15.0,6.0,-3.0,7.0,1.0,6.0,,,-14.0,34.0,2.0,1.0,13.0,382.0,32.0,11.0,13.0,,2023/2024,MC
Diamantini Enrico,20,52,54.0,18.0,95.0,1.0,4.0,2.0,-3.0,7.0,,3.0,3.0,429.0,43.0,60.0,4.0,4.0,40.0,667.0,60.0,13.0,25.0,,2023/2024,MC
Lagumdzija Adis,22,84,352.0,137.0,349.0,33.0,60.0,39.0,-8.0,10.0,2.0,6.0,1.0,100.0,-10.0,624.0,53.0,43.0,284.0,455.0,37.0,35.0,42.0,,2023/2024,MC
Larizza Jacopo,7,10,1.0,,1.0,,,,,,,,,,,2.0,,,1.0,500.0,50.0,,,,2023/2024,MC
Motzo Matheus,16,38,6.0,3.0,54.0,3.0,15.0,8.0,-22.0,,,,,,,6.0,2.0,1.0,3.0,500.0,17.0,,,,2023/2024,MC
Nikolov Aleksandar,22,75,283.0,107.0,248.0,24.0,58.0,32.0,-14.0,395.0,39.0,163.0,109.0,276.0,18.0,479.0,29.0,33.0,241.0,503.0,44.0,18.0,24.0,,2023/2024,MC
Thelle Jakob Solgaard,9,11,2.0,2.0,12.0,2.0,2.0,18.0,,,,,,,,,,,,,,,,,2023/2024,MC
Yant Herrera Marlon,19,58,101.0,37.0,107.0,5.0,28.0,9.0,-21.0,206.0,19.0,111.0,45.0,218.0,13.0,199.0,15.0,17.0,85.0,427.0,35.0,11.0,19.0,,2023/2024,MC
Zaytsev Ivan,16,57,142.0,50.0,170.0,11.0,38.0,19.0,-16.0,261.0,27.0,113.0,60.0,230.0,13.0,291.0,22.0,23.0,115.0,395.0,32.0,16.0,28.0,,2023/2024,MC
Team Totals,22,84,1321.0,479.0,1897.0,109.0,314.0,130.0,-11.0,1499.0,145.0,651.0,392.0,262.0,16.0,2149.0,141.0,160.0,1043.0,485.0,42.0,169.0,201.0,,2023/2024,MC
Ambrose Ionut,1,1,,,,,,,,,,,,,,,,,,,,,,,2022/2023,MC
Anzani Simone,21,69,79.0,26.0,228.0,2.0,11.0,3.0,-4.0,18.0,3.0,6.0,5.0,278.0,11.0,96.0,2.0,10.0,52.0,542.0,52.0,25.0,36.0,,2022/2023,MC
Balaso Fabio,22,82,,,,,,,,366.0,26.0,164.0,92.0,251.0,18.0,,,,,,,,,,2022/2023,MC
Bottolo Mattia,22,71,183.0,76.0,210.0,25.0,52.0,35.0,-13.0,277.0,28.0,118.0,61.0,220.0,12.0,275.0,19.0,27.0,141.0,513.0,44.0,17.0,24.0,,2022/2023,MC
Chinenyeze Barthelemy,22,79,170.0,36.0,218.0,2.0,24.0,3.0,-10.0,23.0,,8.0,8.0,348.0,35.0,218.0,12.0,13.0,143.0,656.0,60.0,25.0,32.0,,2022/2023,MC
D'Amico Francesco,21,68,,,,,,,,54.0,4.0,19.0,15.0,278.0,20.0,,,,,,,,,,2022/2023,MC
De Cecco Luciano,22,82,43.0,29.0,279.0,13.0,26.0,16.0,-5.0,10.0,1.0,9.0,,,-10.0,23.0,1.0,,13.0,565.0,52.0,17.0,21.0,,2022/2023,MC
Diamantini Enrico,15,41,32.0,11.0,89.0,3.0,6.0,7.0,-3.0,4.0,1.0,1.0,2.0,500.0,25.0,35.0,1.0,1.0,23.0,657.0,63.0,6.0,15.0,,2022/2023,MC
Garcia Fernandez Gabi,21,63,146.0,52.0,166.0,19.0,35.0,30.0,-10.0,2.0,2.0,,,,-100.0,270.0,29.0,22.0,121.0,448.0,34.0,6.0,10.0,,2022/2023,MC
Gottardo Mattia,16,30,1.0,1.0,6.0,,1.0,,-17.0,23.0,6.0,11.0,3.0,130.0,-13.0,2.0,,,,,,1.0,3.0,,2022/2023,MC
Nikolov Aleksandar,22,75,232.0,97.0,254.0,29.0,49.0,39.0,-8.0,319.0,43.0,136.0,76.0,238.0,10.0,443.0,30.0,32.0,184.0,415.0,35.0,19.0,25.0,,2022/2023,MC
Sottile Daniele,4,5,,,5.0,,1.0,,-20.0,,,,,,,2.0,1.0,,,,-50.0,,,,2022/2023,MC
Yant Herrera Marlon,18,60,170.0,65.0,161.0,11.0,41.0,18.0,-19.0,276.0,18.0,139.0,57.0,207.0,14.0,300.0,13.0,28.0,144.0,480.0,44.0,15.0,25.0,,2022/2023,MC
Zaytsev Ivan,20,62,243.0,86.0,217.0,18.0,55.0,29.0,-17.0,93.0,10.0,34.0,22.0,237.0,13.0,428.0,29.0,42.0,206.0,481.0,41.0,19.0,31.0,,2022/2023,MC
Team Totals,22,82,1299.0,479.0,1833.0,122.0,301.0,149.0,-10.0,1465.0,142.0,645.0,341.0,233.0,14.0,2092.0,137.0,175.0,1027.0,491.0,43.0,150.0,183.0,,2022/2023,MC
Anzani Simone,23,76,146.0,38.0,233.0,3.0,12.0,4.0,-4.0,17.0,1.0,6.0,7.0,412.0,35.0,175.0,8.0,8.0,115.0,657.0,61.0,28.0,37.0,,2021/2022,MC
Balaso Fabio,24,82,,,,,,,,391.0,26.0,181.0,102.0,261.0,19.0,,,,,,,,,,2021/2022,MC
De Cecco Luciano,24,81,33.0,23.0,328.0,10.0,37.0,12.0,-8.0,3.0,,3.0,,,,28.0,5.0,2.0,9.0,321.0,14.0,14.0,17.0,,2021/2022,MC
Diamantini Enrico,18,42,28.0,9.0,58.0,,1.0,,-2.0,9.0,,3.0,4.0,444.0,44.0,38.0,1.0,2.0,19.0,500.0,47.0,9.0,21.0,,2021/2022,MC
Garcia Fernandez Gabi,21,56,162.0,70.0,196.0,27.0,24.0,48.0,2.0,2.0,,2.0,,,,280.0,25.0,18.0,128.0,457.0,37.0,7.0,12.0,,2021/2022,MC
Jeroncic Rok,1,1,,,,,,,,,,,,,,,,,,,,,,,2021/2022,MC
Juantorena Osmany,6,19,63.0,22.0,72.0,5.0,3.0,26.0,3.0,116.0,18.0,48.0,21.0,181.0,3.0,104.0,5.0,10.0,54.0,519.0,47.0,4.0,21.0,,2021/2022,MC
Kovar Jiri,12,33,49.0,18.0,55.0,,22.0,,-40.0,106.0,10.0,37.0,31.0,292.0,20.0,105.0,6.0,7.0,39.0,371.0,31.0,10.0,30.0,,2021/2022,MC
Marchisio Andrea,19,46,,,,,,,,45.0,4.0,20.0,12.0,267.0,18.0,,,,,,,,,,2021/2022,MC
Penna Gaetano,1,1,,,,,,,,,,,,,,,,,,,,,,,2021/2022,MC
Santos De Souza Ricardo Lucarelli,23,75,273.0,119.0,330.0,37.0,46.0,49.0,-3.0,369.0,24.0,138.0,105.0,285.0,22.0,433.0,42.0,35.0,208.0,480.0,38.0,28.0,37.0,,2021/2022,MC
Simon Robertlandy,23,78,262.0,92.0,289.0,28.0,66.0,36.0,-13.0,21.0,2.0,10.0,6.0,286.0,19.0,274.0,11.0,15.0,187.0,682.0,64.0,47.0,60.0,,2021/2022,MC
Sottile Daniele,11,20,2.0,2.0,33.0,,,,,,,,,,,,,,,,,2.0,10.0,,2021/2022,MC
Yant Herrera Marlon,20,60,191.0,71.0,168.0,18.0,36.0,30.0,-11.0,279.0,22.0,116.0,80.0,287.0,21.0,301.0,15.0,21.0,158.0,525.0,48.0,15.0,25.0,,2021/2022,MC
Zaytsev Ivan,13,44,190.0,80.0,171.0,19.0,34.0,43.0,-9.0,47.0,4.0,21.0,10.0,213.0,13.0,331.0,23.0,32.0,166.0,502.0,43.0,5.0,11.0,,2021/2022,MC
Team Totals,24,82,1399.0,544.0,1933.0,147.0,281.0,179.0,-7.0,1405.0,111.0,585.0,378.0,269.0,19.0,2069.0,141.0,150.0,1083.0,523.0,46.0,169.0,206.0,,2021/2022,MC
Anzani Simone,20,78,159.0,58.0,275.0,7.0,26.0,9.0,-7.0,32.0,2.0,13.0,8.0,250.0,19.0,175.0,9.0,13.0,98.0,560.0,51.0,54.0,69.0,,2020/2021,MC
Balaso Fabio,20,76,,,,,,,,351.0,22.0,117.0,115.0,328.0,26.0,,,,,,,,,,2020/2021,MC
De Cecco Luciano,22,82,31.0,20.0,288.0,12.0,27.0,15.0,-5.0,6.0,,4.0,,,,21.0,2.0,1.0,10.0,476.0,38.0,9.0,11.0,,2020/2021,MC
Diamantini Enrico,5,16,30.0,8.0,61.0,,5.0,,-8.0,5.0,,1.0,2.0,400.0,40.0,42.0,3.0,,23.0,548.0,48.0,7.0,44.0,,2020/2021,MC
Falaschi Marco,13,25,1.0,1.0,24.0,1.0,5.0,4.0,-17.0,2.0,1.0,1.0,,,-50.0,2.0,,,,,,,,,2020/2021,MC
Hadrava Jan,21,51,36.0,17.0,38.0,2.0,8.0,4.0,-16.0,2.0,,1.0,1.0,500.0,50.0,69.0,7.0,7.0,28.0,406.0,30.0,6.0,12.0,,2020/2021,MC
Juantorena Osmany,21,78,292.0,118.0,329.0,30.0,47.0,38.0,-5.0,395.0,35.0,176.0,75.0,190.0,10.0,445.0,22.0,35.0,242.0,544.0,49.0,20.0,26.0,,2020/2021,MC
Kovar Jiri,15,39,31.0,8.0,32.0,,12.0,,-37.0,75.0,7.0,33.0,20.0,267.0,17.0,59.0,5.0,5.0,26.0,441.0,36.0,5.0,13.0,,2020/2021,MC
Larizza Jacopo,3,7,4.0,2.0,10.0,,1.0,,-10.0,1.0,,1.0,,,,5.0,2.0,,2.0,400.0,,2.0,29.0,,2020/2021,MC
Leal Yoandy,21,79,314.0,108.0,294.0,28.0,49.0,35.0,-7.0,445.0,34.0,255.0,68.0,153.0,8.0,477.0,34.0,32.0,261.0,547.0,48.0,25.0,32.0,,2020/2021,MC
Marchisio Andrea,11,28,,,,,,,,59.0,4.0,19.0,25.0,424.0,36.0,,,,,,,,,,2020/2021,MC
Rychlicki Kamil,22,80,299.0,91.0,284.0,19.0,61.0,24.0,-15.0,19.0,2.0,9.0,3.0,158.0,5.0,494.0,34.0,30.0,261.0,528.0,46.0,19.0,24.0,,2020/2021,MC
Simon Robertlandy,20,75,220.0,103.0,288.0,43.0,76.0,57.0,-11.0,15.0,1.0,4.0,4.0,267.0,20.0,204.0,11.0,13.0,136.0,667.0,61.0,41.0,55.0,,2020/2021,MC
Yant Herrera Marlon,13,24,44.0,21.0,48.0,5.0,6.0,21.0,-2.0,67.0,4.0,29.0,18.0,269.0,21.0,77.0,5.0,8.0,37.0,481.0,42.0,2.0,8.0,,2020/2021,MC
Team Totals,22,85,1461.0,555.0,1971.0,147.0,323.0,173.0,-9.0,1474.0,112.0,663.0,339.0,230.0,15.0,2070.0,134.0,144.0,1124.0,543.0,48.0,190.0,224.0,,2020/2021,MC
Anzani Simone,17,53,96.0,33.0,179.0,1.0,11.0,2.0,-6.0,11.0,2.0,2.0,3.0,273.0,9.0,112.0,5.0,6.0,70.0,625.0,58.0,25.0,47.0,,2019/2020,MC
Balaso Fabio,20,73,,,,,,,,340.0,23.0,118.0,104.0,306.0,24.0,,,,,,,,,,2019/2020,MC
Bieniek Mateusz,11,33,69.0,24.0,133.0,10.0,21.0,30.0,-8.0,1.0,1.0,,,,-100.0,83.0,3.0,1.0,46.0,554.0,52.0,13.0,39.0,,2019/2020,MC
D'Hulst Stijn,10,19,1.0,1.0,34.0,1.0,,5.0,3.0,,,,,,,1.0,,,,,,,,,2019/2020,MC
Diamantini Enrico,8,21,35.0,16.0,58.0,3.0,9.0,14.0,-10.0,2.0,,,1.0,500.0,50.0,40.0,2.0,,25.0,625.0,57.0,7.0,33.0,,2019/2020,MC
Ghafour Amir,10,33,108.0,34.0,103.0,6.0,26.0,18.0,-19.0,4.0,,1.0,1.0,250.0,25.0,169.0,10.0,17.0,88.0,521.0,46.0,14.0,42.0,,2019/2020,MC
Juantorena Osmany,16,55,187.0,74.0,220.0,14.0,28.0,25.0,-6.0,259.0,25.0,113.0,57.0,220.0,12.0,338.0,16.0,27.0,157.0,464.0,42.0,16.0,29.0,,2019/2020,MC
Kovar Jiri,18,47,83.0,35.0,118.0,12.0,21.0,26.0,-8.0,170.0,17.0,58.0,51.0,300.0,20.0,136.0,10.0,13.0,60.0,441.0,37.0,11.0,23.0,,2019/2020,MC
Leal Yoandy,17,63,266.0,119.0,250.0,25.0,48.0,40.0,-9.0,357.0,32.0,187.0,49.0,137.0,5.0,419.0,33.0,29.0,214.0,511.0,43.0,27.0,43.0,,2019/2020,MC
Marchisio Andrea,7,8,,,,,,,,,,,,,,,,,,,,,,,2019/2020,MC
Massari Jacopo,9,12,4.0,2.0,5.0,,3.0,,-60.0,15.0,1.0,5.0,2.0,133.0,7.0,8.0,2.0,,3.0,375.0,12.0,1.0,8.0,,2019/2020,MC
Mossa De Rezende Bruno,20,72,48.0,25.0,241.0,13.0,17.0,18.0,-2.0,8.0,,7.0,,,,40.0,1.0,1.0,22.0,550.0,52.0,13.0,18.0,,2019/2020,MC
Rychlicki Kamil,20,62,159.0,64.0,191.0,11.0,39.0,18.0,-15.0,1.0,,,,,,284.0,20.0,22.0,131.0,461.0,39.0,17.0,27.0,,2019/2020,MC
Simon Robertlandy,17,55,174.0,81.0,193.0,25.0,46.0,45.0,-11.0,12.0,,4.0,4.0,333.0,33.0,155.0,11.0,5.0,111.0,716.0,65.0,38.0,69.0,,2019/2020,MC
Team Totals,20,73,1230.0,508.0,1725.0,121.0,269.0,166.0,-9.0,1180.0,101.0,495.0,272.0,231.0,14.0,1785.0,113.0,121.0,927.0,519.0,46.0,182.0,249.0,,2019/2020,MC
Balaso Fabio,25,90,,,,,,,,395.0,39.0,156.0,106.0,268.0,17.0,,,,,,,,,,2018/2019,MC
Cantagalli Diego,22,45,7.0,3.0,2.0,,2.0,,-100.0,,,,,,,10.0,2.0,2.0,4.0,400.0,20.0,3.0,7.0,,2018/2019,MC
Cester Enrico,23,73,106.0,47.0,275.0,17.0,40.0,23.0,-8.0,7.0,,,2.0,286.0,29.0,110.0,7.0,7.0,61.0,555.0,49.0,28.0,38.0,,2018/2019,MC
D'Hulst Stijn,22,46,3.0,3.0,50.0,2.0,2.0,4.0,,2.0,1.0,1.0,,,-50.0,1.0,,,1.0,1000.0,100.0,,,,2018/2019,MC
Diamantini Enrico,17,33,44.0,15.0,85.0,5.0,10.0,15.0,-6.0,4.0,1.0,1.0,2.0,500.0,25.0,44.0,3.0,4.0,27.0,614.0,55.0,12.0,36.0,,2018/2019,MC
Juantorena Osmany,22,81,345.0,136.0,353.0,32.0,39.0,40.0,-2.0,432.0,45.0,166.0,108.0,250.0,15.0,526.0,30.0,33.0,287.0,546.0,49.0,26.0,32.0,,2018/2019,MC
Kovar Jiri,10,25,33.0,10.0,51.0,3.0,10.0,12.0,-14.0,97.0,14.0,33.0,33.0,340.0,20.0,47.0,3.0,3.0,26.0,553.0,49.0,4.0,16.0,,2018/2019,MC
Leal Yoandy,25,88,324.0,141.0,336.0,36.0,61.0,41.0,-7.0,480.0,44.0,254.0,77.0,160.0,7.0,523.0,31.0,38.0,260.0,497.0,44.0,28.0,32.0,,2018/2019,MC
Marchisio Andrea,3,5,,,,,,,,10.0,,4.0,4.0,400.0,40.0,,,,,,,,,,2018/2019,MC
Massari Jacopo,17,34,23.0,10.0,27.0,3.0,1.0,9.0,7.0,70.0,10.0,25.0,16.0,229.0,9.0,36.0,4.0,,18.0,500.0,39.0,2.0,6.0,,2018/2019,MC
Mossa De Rezende Bruno,26,93,71.0,47.0,411.0,26.0,33.0,28.0,-2.0,4.0,,4.0,,,,30.0,,2.0,21.0,700.0,70.0,24.0,26.0,,2018/2019,MC
Sander Brenden Lee,2,2,2.0,1.0,1.0,,,,,1.0,,1.0,,,,4.0,1.0,,2.0,500.0,25.0,,,,2018/2019,MC
Simon Robertlandy,20,67,182.0,82.0,221.0,23.0,63.0,34.0,-18.0,16.0,3.0,3.0,5.0,312.0,12.0,202.0,13.0,7.0,131.0,649.0,58.0,28.0,42.0,,2018/2019,MC
Sokolov Tsvetan,26,92,358.0,120.0,269.0,23.0,89.0,25.0,-25.0,7.0,1.0,3.0,1.0,143.0,,547.0,57.0,56.0,291.0,532.0,43.0,44.0,48.0,,2018/2019,MC
Stankovic Dragan,17,44,69.0,30.0,110.0,2.0,18.0,5.0,-15.0,5.0,,1.0,4.0,800.0,80.0,86.0,6.0,8.0,47.0,547.0,48.0,20.0,45.0,,2018/2019,MC
Team Totals,26,93,1567.0,645.0,2191.0,172.0,368.0,185.0,-9.0,1530.0,158.0,652.0,358.0,234.0,13.0,2166.0,157.0,160.0,1176.0,543.0,47.0,219.0,235.0,,2018/2019,MC
Candellaro Davide,25,83,131.0,52.0,285.0,19.0,40.0,23.0,-7.0,1.0,1.0,,,,-100.0,141.0,4.0,5.0,89.0,631.0,60.0,23.0,28.0,,2017/2018,MC
Casadei Alberto,5,14,24.0,6.0,37.0,1.0,12.0,7.0,-30.0,,,,,,,56.0,3.0,10.0,22.0,393.0,34.0,1.0,7.0,,2017/2018,MC
Cester Enrico,23,83,159.0,73.0,297.0,21.0,40.0,25.0,-6.0,7.0,2.0,2.0,2.0,286.0,,169.0,13.0,10.0,100.0,592.0,51.0,38.0,46.0,,2017/2018,MC
Christenson Micah,25,86,85.0,59.0,328.0,29.0,66.0,34.0,-11.0,8.0,4.0,4.0,,,-50.0,47.0,1.0,2.0,33.0,702.0,68.0,23.0,27.0,,2017/2018,MC
Grebennikov Jenia,26,93,,,,,,,,401.0,26.0,154.0,132.0,329.0,26.0,,,,,,,,,,2017/2018,MC
Juantorena Osmany,26,90,378.0,149.0,426.0,44.0,59.0,49.0,-4.0,462.0,33.0,182.0,136.0,294.0,22.0,537.0,18.0,46.0,309.0,575.0,54.0,25.0,28.0,,2017/2018,MC
Kovar Jiri,23,70,160.0,61.0,175.0,11.0,58.0,16.0,-27.0,323.0,29.0,119.0,113.0,350.0,26.0,254.0,22.0,21.0,125.0,492.0,41.0,24.0,34.0,,2017/2018,MC
Marchisio Andrea,6,12,,,1.0,,,,,21.0,1.0,7.0,4.0,190.0,14.0,,,,,,,,,,2017/2018,MC
Milan Sebastiano,4,7,9.0,1.0,3.0,,1.0,,-33.0,7.0,,2.0,3.0,429.0,43.0,17.0,1.0,1.0,8.0,471.0,41.0,1.0,14.0,,2017/2018,MC
Sander Taylor,19,60,204.0,64.0,184.0,14.0,41.0,23.0,-15.0,326.0,31.0,123.0,105.0,322.0,23.0,346.0,28.0,15.0,177.0,512.0,43.0,13.0,22.0,,2017/2018,MC
Sokolov Tsvetan,23,79,361.0,147.0,278.0,28.0,89.0,35.0,-22.0,1.0,,1.0,,,,547.0,54.0,62.0,280.0,512.0,41.0,53.0,67.0,,2017/2018,MC
Stankovic Dragan,16,45,86.0,47.0,142.0,11.0,28.0,24.0,-12.0,7.0,,1.0,5.0,714.0,71.0,92.0,,7.0,56.0,609.0,61.0,19.0,42.0,,2017/2018,MC
Zhukouski Tsimafei,12,26,11.0,6.0,63.0,4.0,16.0,15.0,-19.0,2.0,1.0,1.0,,,-50.0,6.0,,,5.0,833.0,83.0,2.0,8.0,,2017/2018,MC
Team Totals,26,94,1608.0,665.0,2219.0,182.0,450.0,194.0,-12.0,1566.0,128.0,596.0,500.0,319.0,24.0,2212.0,144.0,179.0,1204.0,544.0,48.0,222.0,236.0,,2017/2018,MC
Candellaro Davide,20,62,136.0,54.0,215.0,15.0,23.0,24.0,-4.0,4.0,,2.0,2.0,500.0,50.0,153.0,5.0,6.0,100.0,654.0,62.0,21.0,34.0,,2016/2017,MC
Casadei Alberto,12,17,17.0,2.0,17.0,,3.0,,-18.0,,,,,,,30.0,1.0,2.0,16.0,533.0,50.0,1.0,6.0,,2016/2017,MC
Cebulj Klemen,18,57,136.0,56.0,173.0,23.0,46.0,40.0,-13.0,211.0,24.0,71.0,58.0,275.0,16.0,201.0,9.0,12.0,101.0,502.0,46.0,12.0,21.0,,2016/2017,MC
Cester Enrico,14,51,119.0,39.0,181.0,4.0,19.0,8.0,-8.0,3.0,1.0,1.0,,,-33.0,123.0,7.0,6.0,86.0,699.0,64.0,29.0,57.0,,2016/2017,MC
Christenson Micah,24,90,93.0,61.0,397.0,27.0,74.0,30.0,-12.0,5.0,2.0,3.0,,,-40.0,71.0,4.0,4.0,41.0,577.0,52.0,25.0,28.0,,2016/2017,MC
Corvetta Antonio,11,18,2.0,1.0,38.0,1.0,1.0,6.0,,2.0,,2.0,,,,3.0,,,1.0,333.0,33.0,,,,2016/2017,MC
Grebennikov Jenia,26,76,1.0,1.0,30.0,1.0,3.0,1.0,-7.0,111.0,8.0,37.0,38.0,342.0,27.0,,,,,,,,,,2016/2017,MC
Juantorena Osmany,24,85,331.0,165.0,403.0,41.0,71.0,48.0,-7.0,441.0,45.0,180.0,127.0,288.0,19.0,473.0,24.0,40.0,274.0,579.0,53.0,16.0,19.0,,2016/2017,MC
Kaliberda Denys Viktorovic,16,49,114.0,43.0,142.0,10.0,25.0,20.0,-11.0,208.0,16.0,85.0,62.0,298.0,22.0,201.0,13.0,22.0,93.0,463.0,40.0,11.0,22.0,,2016/2017,MC
Kovar Jiri,16,41,69.0,29.0,88.0,7.0,32.0,17.0,-28.0,166.0,14.0,69.0,47.0,283.0,20.0,111.0,13.0,8.0,55.0,495.0,38.0,7.0,17.0,,2016/2017,MC
Pesaresi Nicola,26,90,,,,,,,,403.0,31.0,156.0,133.0,330.0,25.0,,,,,,,,,,2016/2017,MC
Sokolov Tsvetan,26,95,452.0,174.0,309.0,39.0,117.0,41.0,-25.0,2.0,1.0,1.0,,,-50.0,656.0,63.0,60.0,355.0,541.0,45.0,58.0,61.0,,2016/2017,MC
Stankovic Dragan,24,90,210.0,81.0,299.0,7.0,48.0,8.0,-14.0,8.0,2.0,,3.0,375.0,12.0,228.0,10.0,8.0,158.0,693.0,65.0,45.0,50.0,,2016/2017,MC
Team Totals,26,98,1680.0,706.0,2292.0,175.0,462.0,179.0,-13.0,1564.0,144.0,607.0,470.0,301.0,21.0,2250.0,149.0,168.0,1280.0,569.0,50.0,225.0,230.0,,2016/2017,MC
